<?xml version="1.0"?>
<ProjectRoot xmlns:xsd="http://www.w3.org/2001/XMLSchema" xmlns:xsi="http://www.w3.org/2001/XMLSchema-instance">
  <TagLine>Frictionless documentation tooling</TagLine>
  <Description>Create technical documentation the idiomatic FubuMVC way</Description>
  <Name>FubuDocs</Name>
  <GitHubPage>https://github.com/DarthFubuMVC/FubuWorld</GitHubPage>
  <TeamCityBuildType>bt88</TeamCityBuildType>
  <TwitterHandle>fubumvc</TwitterHandle>
  <UserGroupUrl>https://groups.google.com/forum/?fromgroups#!forum/fubumvc-devel</UserGroupUrl>
  <BuildServerUrl>http://build.fubu-project.org/project.html?projectId=project51</BuildServerUrl>
  <BottleName>FubuWorld.Docs</BottleName>
  <PluginTo />
  <Nugets>
    <PublishedNuget>
      <Name>FubuWorld</Name>
      <Description>The core content bottle and infrastructure for the FubuWorld website</Description>
    </PublishedNuget>
  </Nugets>
  <Url>fubudocs</Url>
</ProjectRoot>