<?xml version="1.0"?>
<ProjectRoot xmlns:xsi="http://www.w3.org/2001/XMLSchema-instance" xmlns:xsd="http://www.w3.org/2001/XMLSchema">
  <Name>FubuCore</Name>
  <GitHubPage>http://github.com/DarthFubuMVC/FubuCore</GitHubPage>
  <UserGroupUrl>https://groups.google.com/forum/?fromgroups#!forum/fubumvc-devel</UserGroupUrl>
  <BuildServerUrl>http://build.fubu-project.org/project.html?projectId=project6&amp;tab=projectOverview</BuildServerUrl>
  <BottleName>FubuCore.Docs</BottleName>
  <Url>fubucore</Url>
</ProjectRoot>