﻿<?xml version="1.0"?>
<bindings>
  <element name="Stylesheet">#this.Asset('@href');</element>
  <element name="Script">#this.Asset('@src');</element>
  <element name="Scripts">this.WriteScriptTags()</element>
  <element name="Styles">this.WriteCssTags()</element>
  <element name="Image">this.ImageFor('@src')</element>
  <element name="Partial">this.Partial&lt;@model&gt;()</element>
  <element name="TableOfContents">this.TableOfContents()</element>
  <element name="Section">
    <start>this.SectionFor('@title', '@id')</start>
    <end>"&lt;/section&gt;"</end>
  </element>

  
  <element name="Snippet">this.CodeSnippet('@name')</element>
  <element name="LinkToSnippet">this.LinkToSnippet('@name')</element>
  <element name="LinkToCodeFile">this.LinkToCodeFile('@name')</element>
  <element name="EmbedFile">this.CodeFile('@name')</element>

  <element name="TopicLink">this.LinkToTopic('@name')</element>
</bindings>